type,name,notice,furigana
不燃ごみ,IHクッキングヒーター,,あ
不燃ごみ,ＩＣレコーダー,,あ
不燃ごみ,アイスピック,先端部を紙で包み「危険」と表示して他のごみと分ける,あ
不燃ごみ,アイロン,,あ
不燃ごみ,アイロン台（７０㎝超）,,あ
不燃ごみ,アコーディオンカーテン（７０㎝以下）,,あ
不燃ごみ,足こぎ四輪車（幼児用）（金属製または電動製）,,あ
不燃ごみ,アダプター（各種電気製品用）,,あ
不燃ごみ,雨どい,,あ
不燃ごみ,編み機,,あ
不燃ごみ,網戸（金属以外）,増改築に伴うものは請け負った業者に処分してもらう,あ
不燃ごみ,網戸（金属製）,増改築に伴うものは請け負った業者に処分してもらう,あ
不燃ごみ,アルミサッシ,増改築に伴うものは請け負った業者に処分してもらう,あ
不燃ごみ,アルミホイール（自動車用）,タイヤは市で収集しません,あ
不燃ごみ,泡立て器（電動式・手動式）,,あ
不燃ごみ,安全ピン（金属製）,,あ
不燃ごみ,アンテナ（テレビ・BS・CSなど）,,あ
不燃ごみ,アンプ,,あ
不燃ごみ,ＥＴＣ車載ユニット,,い
不燃ごみ,衣装掛け（金属製）,,い
不燃ごみ,衣装ケース（金属製）,,い
不燃ごみ,いす（金属製）,,い
不燃ごみ,板ガラス,,い
不燃ごみ,板きれ（７０㎝超）,増改築に伴うものは請け負った業者に処分してもらう,い
不燃ごみ,一輪車,「不用品」と必ず表示,い
不燃ごみ,衣類乾燥機台,,い
不燃ごみ,インテリアライト（「金属以外、７０㎝超」以外）,電球等は外す,い
不燃ごみ,ウインドファン（７０㎝以下）,窓用エアコンではありません,う
不燃ごみ,植木台（金属以外・７０㎝超）,,う
不燃ごみ,植木台（金属製）,,う
不燃ごみ,植木鉢（陶器製）,,う
不燃ごみ,ウォーキングマシン（「金属以外、７０㎝超」以外）,,う
不燃ごみ,ウォシュレット,増改築に伴うものは請け負った業者に処分してもらう,う
不燃ごみ,浮き輪（７０㎝超）,空気を抜いて,う
不燃ごみ,臼,,う
不燃ごみ,乳母車（７０㎝以下）,全体の８０％以上金属のものは、埋立ごみの日の金属へ,う
不燃ごみ,梅酒（自家製）のびん,,う
不燃ごみ,運搬用一輪車,,う
不燃ごみ,ＡＣアダプタ,,え
不燃ごみ,ＭＤプレーヤー,,え
不燃ごみ,枝きれ（７０㎝超）,ひもでしばって束ねて１回３束程度を目安に・多い場合は有料戸別収集で,え
不燃ごみ,ＬＥＤ蛍光灯・ＬＥＤ電球,※LEDには、水銀は使用されていません,え
不燃ごみ,塩化ビニル管,,え
不燃ごみ,縁台（金属以外・７０㎝超）,,え
不燃ごみ,縁台（金属製）,,え
不燃ごみ,延長コード,,え
不燃ごみ,煙突（ストーブ用、金属製）,,え
不燃ごみ,鉛筆削り（電動製）,,え
不燃ごみ,オイル缶,中身が残っているものは市で収集しませんので専門業者に処分を依頼してください,お
不燃ごみ,オイルヒーター,中のオイルが残っていても、けっこうです,お
不燃ごみ,オーディオラック（金属以外、７０㎝以下）,,お
不燃ごみ,オーディオラック（金属製）,,お
不燃ごみ,オーブン,,お
不燃ごみ,オーブントースター,,お
不燃ごみ,オーブンレンジ,,お
不燃ごみ,お菓子の缶（２５㎝以上）,,お
不燃ごみ,桶（金属以外・７０㎝超）,,お
不燃ごみ,桶（金属製）,,お
不燃ごみ,押しピン（頭がプラスチックのもの）,封筒などにいれて、｢危険｣と書く　　,お
不燃ごみ,おもちゃ（金属製または電動製）,,お
不燃ごみ,折りたたみいす（金属製）,,お
不燃ごみ,折りたたみテーブル（金属製）,,お
不燃ごみ,オルガン（７０㎝以下）,,お
不燃ごみ,オルゴール,全体の８０％以上金属のものは、埋立ごみの日の金属へ,お
不燃ごみ,温水洗浄機付便座,増改築に伴うものは請け負った業者に処分してもらう,お
不燃ごみ,温度計（水銀を含まない）,,お
不燃ごみ,温風機,,お
不燃ごみ,温冷庫,,お
不燃ごみ,カーカラーテレビ,,か
不燃ごみ,カーＣＤプレーヤー,,か
不燃ごみ,カーステレオ,,か
不燃ごみ,カーテン（７０㎝超）,広げたときに７０㎝を超えているものは、埋立ごみ,か
不燃ごみ,カーテンレール（金属製）,,か
不燃ごみ,カーナビゲーションシステム,,か
不燃ごみ,カーラジオ,,か
不燃ごみ,貝殻（食べ残し以外、置物等）,,か
不燃ごみ,懐中電灯,電池はとる,か
不燃ごみ,回転ハンガー（金属製）,,か
不燃ごみ,カイロ（懐炉）,全体の８０％以上金属のものは、埋立ごみの日の金属へ,か
不燃ごみ,鏡（７０㎝以下）,,か
不燃ごみ,学習机（金属製）,,か
不燃ごみ,家具調こたつ（７０㎝以下）,,か
不燃ごみ,額縁（金属以外）,はめ込み板がプラスチック製であれば、燃やすごみ,か
不燃ごみ,額縁（金属製）,,か
不燃ごみ,傘,,か
不燃ごみ,傘立て（陶器製）,,か
不燃ごみ,傘立て（金属製）,,か
不燃ごみ,傘のほね（金属製）,,か
不燃ごみ,加湿器,,か
不燃ごみ,ガスオーブン・ガスオーブンレンジ,,か
不燃ごみ,ガス釜,,か
不燃ごみ,ガスコンロ,,か
不燃ごみ,ガスストーブ,,か
不燃ごみ,ガス台（７０㎝以下・金属以外）,,か
不燃ごみ,ガス台（７０㎝以下・金属製）,,か
不燃ごみ,ガステーブル,,か
不燃ごみ,ガスレンジ,電池はとる,か
不燃ごみ,カセットコンロ,ボンベは外す,か
不燃ごみ,カセットデッキ,,か
不燃ごみ,カッターナイフ,刃を紙で包み「危険」と表示して他のごみと分ける,か
不燃ごみ,家庭用焼却炉（金属以外、７０㎝以下）,,か
不燃ごみ,家庭用焼却炉（金属製）,,か
不燃ごみ,金網（バーベキュー用）,,か
不燃ごみ,かなづち,全体の８０％以上金属のものは、埋立ごみの日の金属へ,か
不燃ごみ,かばん（アタッシュケース）（金属製）,,か
不燃ごみ,花瓶,,か
不燃ごみ,鎌,刃を紙で包み「危険」と表示して他のごみと分ける,か
不燃ごみ,カミソリ（金属以外）,刃を紙で包み「危険」と表示して他のごみと分ける,か
不燃ごみ,カミソリ（金属製）,刃を紙で包み「危険」と表示して他のごみと分ける,か
不燃ごみ,神棚（７０㎝超）,,か
不燃ごみ,カメラ,,か
不燃ごみ,カラオケ演奏装置（７０㎝以下）,,か
不燃ごみ,ガラス製品,,か
不燃ごみ,軽石,,か
不燃ごみ,皮むき器(金属製）,,か
不燃ごみ,瓦,増改築に伴うものは請け負った業者に処分してもらう,か
不燃ごみ,缶（一斗缶）,,か
不燃ごみ,缶（２５㎝以上）,,か
不燃ごみ,缶（オイル）,中身が残っているものは市で収集しませんので専門業者に処分を依頼してください,か
不燃ごみ,缶（菓子缶：ミルク缶など、２５㎝以上）,,か
不燃ごみ,換気扇,,か
不燃ごみ,缶切り,,か
不燃ごみ,乾燥機（家庭用・食器）,,か
不燃ごみ,乾燥機（家庭用・食器洗い）,,か
不燃ごみ,乾燥機（家庭用・布団）,,か
不燃ごみ,かんな,,か
不燃ごみ,キーボード（楽器、７０㎝以下）,,き
不燃ごみ,キーボード（パソコン用）,,き
不燃ごみ,ギターケース（７０㎝超）,,き
不燃ごみ,キックボード,全体の８０％以上金属のものは、埋立ごみの日の金属へ,き
不燃ごみ,キッチン収納棚（金属以外、７０㎝以下）,,き
不燃ごみ,キッチン収納棚（金属製）,,き
不燃ごみ,杵,,き
不燃ごみ,脚立（金属以外）,,き
不燃ごみ,脚立（金属製）,,き
不燃ごみ,キャスターハンガー（金属以外、７０㎝以下）,,き
不燃ごみ,キャスターハンガー（金属製）,,き
不燃ごみ,キャビネット（金属以外、７０㎝以下）,,き
不燃ごみ,キャビネット（金属製）,,き
不燃ごみ,キャリアー（車用、金属以外）,７０㎝を超えるルーフボックスは有料粗大ごみ,き
不燃ごみ,キャリアー（車用、金属製）,,き
不燃ごみ,急須,,き
不燃ごみ,給湯器,電池はとる,き
不燃ごみ,鏡台（７０㎝以下）,,き
不燃ごみ,きり,先端部を紙で包み「危険」と表示して他のごみと分ける,き
不燃ごみ,金庫（耐火）,おおむね５５㎏以上のものは市では収集できません　,き
不燃ごみ,金庫（手提げ）,,き
不燃ごみ,空気入れ（金属製）,,く
不燃ごみ,空気清浄機,,く
不燃ごみ,釘,紙で包み「危険」と表示,く
不燃ごみ,草刈り機（手動式）,,く
不燃ごみ,鎖（金属製）,,く
不燃ごみ,串(金属製）,紙で包み「危険」と表示,く
不燃ごみ,口紅の容器（金属製）,,く
不燃ごみ,くつ（スキーブーツ・スケート靴）,,く
不燃ごみ,くつのスパイク（金属製）,,く
不燃ごみ,クッキングヒーター,,く
不燃ごみ,クッション（７０㎝超）,,く
不燃ごみ,グランドゴルフスティック,,く
不燃ごみ,グリル鍋（金属以外）,,く
不燃ごみ,グリル鍋（金属製）,,く
不燃ごみ,車(幼児用）（金属製または電動製）,電池で動くものは、電池をとる。,く
不燃ごみ,車(幼児用）（「金属製または電動製」以外・７０㎝超),,く
不燃ごみ,車椅子（折りたたみ式・電動式）,電動式はバッテリーを外す,く
不燃ごみ,グローランプ,,く
不燃ごみ,くわ（鍬）,,く
不燃ごみ,蛍光灯（本体）,,け
不燃ごみ,携帯電話,販売店に引き取りを依頼してください,け
不燃ごみ,ゲートボールスティック,,け
不燃ごみ,ケーブル,,け
不燃ごみ,ケーブルテレビ用セットトップボックス,レンタルの場合は、借りたお店に返却してください,け
不燃ごみ,ゲーム機（ＴＶゲーム・ポケットゲーム）,,け
不燃ごみ,ゲーム用コントローラー,,け
不燃ごみ,化粧品のガラスびん,,け
不燃ごみ,化粧容器（金属製）,,け
不燃ごみ,げた箱（金属製）,増改築に伴うものは請け負った業者に処分してもらう,け
不燃ごみ,血圧計（デジタル式）,電池はとる,け
不燃ごみ,健康増進器具（金属以外）,プラスチック製、ゴム製のものは燃やすごみ、電動のものは埋立ごみの日の金属へ,け
不燃ごみ,健康増進器具（金属製）,,け
不燃ごみ,剣道用具（竹刀、７０㎝超）,,け
不燃ごみ,剣道用具（面）,,け
不燃ごみ,碁石,,こ
不燃ごみ,公衆用ＰＨＳ端末,,こ
不燃ごみ,コード,,こ
不燃ごみ,コートハンガー（金属製）,,こ
不燃ごみ,コーヒーメーカー,,こ
不燃ごみ,こたつ（７０㎝以下）,,こ
不燃ごみ,コップ（ガラス製）,,こ
不燃ごみ,琴,,こ
不燃ごみ,粉々のびん,,こ
不燃ごみ,碁盤（厚さ１０㎝以上）,,こ
不燃ごみ,コピー機（家庭用）,,こ
不燃ごみ,ごみ箱(金属製）,,こ
不燃ごみ,ゴムホース（７０㎝超）,伸ばしたときに７０㎝を超えているものは、埋立ごみ,こ
不燃ごみ,ゴムボート,空気を抜いて,こ
不燃ごみ,米びつ（金属製）,,こ
不燃ごみ,コルクボード（７０㎝超）,,こ
不燃ごみ,ゴルフクラブ,カーボン製は埋立ごみ,こ
不燃ごみ,ゴルフバック,,こ
不燃ごみ,コンパクト,,こ
不燃ごみ,コンポスト容器（７０㎝超）,,こ
不燃ごみ,コンロ（バーベキュー用）,,こ
不燃ごみ,サイクリングマシン（「金属以外、７０㎝超」以外）,,さ
不燃ごみ,座いす（金属以外、７０㎝以下）,,さ
不燃ごみ,座いす（金属製）,,さ
不燃ごみ,サイドボード（７０㎝以下）,,さ
不燃ごみ,裁縫箱（金属製）,,さ
不燃ごみ,さしこ（竹製鳥かご、７０㎝超）,,さ
不燃ごみ,サッシ（金属以外）,増改築に伴うものは請け負った業者に処分してもらう,さ
不燃ごみ,サッシ（金属製）,増改築に伴うものは請け負った業者に処分してもらう　　,さ
不燃ごみ,座ぶとん（７０㎝超）,,さ
不燃ごみ,皿,,さ
不燃ごみ,三角コーナー（金属製）,,さ
不燃ごみ,三脚（カメラ、ビデオ）（金属以外）,,さ
不燃ごみ,三脚（カメラ、ビデオ）（金属製）,,さ
不燃ごみ,サングラス,レンズがプラスチック製のものは、燃やすごみ,さ
不燃ごみ,さんご,,さ
不燃ごみ,三輪車,「不用品」と必ず表示,さ
不燃ごみ,CSデジタルアンテナ,,し
不燃ごみ,CSデジタルチューナー,,し
不燃ごみ,ＣＤプレーヤー,,し
不燃ごみ,ＣＤラジカセ,,し
不燃ごみ,シーツ（７０㎝超）,１辺７０ｃｍ以下に裁断すれば、燃やすごみ,し
不燃ごみ,シート（車）,,し
不燃ごみ,磁気マットレス（７０㎝以下）,広げたときに７０㎝を超えているものは、有料粗大ごみ,し
不燃ごみ,磁石,,し
不燃ごみ,七輪,,し
不燃ごみ,自転車,「不用品」と必ず表示,し
不燃ごみ,自転車（電動アシスト付き）,「不用品」と必ず表示・バッテリーは、リサイクル協力店へ,し
不燃ごみ,自動車カバー（７０㎝超）,１辺７０ｃｍ以下に裁断すれば、燃やすごみ,し
不燃ごみ,竹刀（７０㎝超）,,し
不燃ごみ,蛇口,,し
不燃ごみ,ジャッキ,,し
不燃ごみ,ジャングルジム（子ども用遊具）,パイプがプラスチック製または紙製でかつ７０㎝以下ものは燃やすごみ,し
不燃ごみ,シャンデリア（７０㎝以下）,電球は外す,し
不燃ごみ,シャンプードレッサー（７０㎝以下）,,し
不燃ごみ,ジューサー,,し
不燃ごみ,シューズボックス（金属製）,増改築に伴うものは請け負った業者に処分してもらう,し
不燃ごみ,収納ケース・箱・ボックス（金属製）,,し
不燃ごみ,収納棚（金属製）,,し
不燃ごみ,将棋盤（厚さ１0㎝以上）,,し
不燃ごみ,障子（金属製）,増改築に伴うものは請け負った業者に処分してもらう,し
不燃ごみ,浄水器,,し
不燃ごみ,照明器具（「金属以外、７０㎝超」以外）,電球は外す,し
不燃ごみ,照明器具のかさ（ガラス製）,,し
不燃ごみ,照明器具のかさ（金属製）,,し
不燃ごみ,じょうろ(金属製）,,し
不燃ごみ,書棚（金属製）,,し
不燃ごみ,食器（ガラス製・陶磁器製）,,し
不燃ごみ,食器（金属製）,,し
不燃ごみ,食器洗い乾燥機,,し
不燃ごみ,食器洗い器,,し
不燃ごみ,食器乾燥機,,し
不燃ごみ,食器棚（７０㎝以下）,,し
不燃ごみ,ショッピングカート(金属製）,,し
不燃ごみ,書類用バインダーの金具,,し
不燃ごみ,シルバーカー,「不用品」と必ず表示,し
不燃ごみ,人工芝（７０㎝超）,,し
不燃ごみ,水槽（７０㎝以下）,,す
不燃ごみ,水中めがね,レンズがプラスチック製のものは、燃やすごみ,す
不燃ごみ,水筒（金属製）,,す
不燃ごみ,炊飯器（内釜含む）,,す
不燃ごみ,スーツケース（金属製）,,す
不燃ごみ,姿見（７０㎝以下）,,す
不燃ごみ,スキー板（７０㎝以下）,,す
不燃ごみ,スキーキャリア（金属以外）,,す
不燃ごみ,スキーキャリア（金属製）,,す
不燃ごみ,スキャナー,,す
不燃ごみ,スケートボード,,す
不燃ごみ,スコップ（金属製）,,す
不燃ごみ,硯（すずり）,,す
不燃ごみ,すだれ（竹製・プラスチック製・７０㎝超）,１辺７０㎝以下に裁断すれば、燃やすごみ,す
不燃ごみ,スタンドミラー（７０㎝以下）,,す
不燃ごみ,ステレオセット（７０㎝以下）,,す
不燃ごみ,ストーブ,,す
不燃ごみ,ストーブガード,,す
不燃ごみ,スノーダンプ（金属以外・７０㎝超）,,す
不燃ごみ,スノーダンプ（金属製）,,す
不燃ごみ,スノーボード（７０㎝以下）,,す
不燃ごみ,すのこ（７０㎝超）,,す
不燃ごみ,スピーカー（７０㎝以下）,,す
不燃ごみ,スプーン（金属製）,,す
不燃ごみ,ズボンプレッサー（７０㎝以下）,,す
不燃ごみ,スリッパ立て（金属以外・７０㎝超）,,す
不燃ごみ,スリッパ立て（金属製）,,す
不燃ごみ,すり鉢,,す
不燃ごみ,精米機（家庭用）,,せ
不燃ごみ,石油ストーブ,油を抜いて電池を取る,せ
不燃ごみ,石油タンク,油は抜く,せ
不燃ごみ,石油ポンプ（電動式）,電池はとる,せ
不燃ごみ,洗濯ばさみ（金属製）,,せ
不燃ごみ,洗濯用ハンガー（金属製）,,せ
不燃ごみ,栓抜き（金属以外）,,せ
不燃ごみ,栓抜き（金属製）,,せ
不燃ごみ,扇風機（７０㎝以下）,,せ
不燃ごみ,洗面器（金属製）,,せ
不燃ごみ,洗面化粧台（７０㎝以下）,増改築に伴うものは請け負った業者に処分してもらう,せ
不燃ごみ,双眼鏡,,そ
不燃ごみ,掃除機,,そ
不燃ごみ,ソファー（７０㎝以下・スプリングあり）,,そ
不燃ごみ,ソファーベッド（７０㎝以下・スプリングあり）,,そ
不燃ごみ,体温計（水銀を含まない）,電池はとる,た
不燃ごみ,体重計(家庭用）,,た
不燃ごみ,耐火金庫,おおむね５５㎏以上のものは市では収集できません,た
不燃ごみ,台車,,た
不燃ごみ,タイヤチェーン（金属製）,,た
不燃ごみ,タイヤホイール,,た
不燃ごみ,高枝切りばざみ（金属以外）,,た
不燃ごみ,高枝切りばさみ（金属製）,,た
不燃ごみ,竹馬（金属製）,,た
不燃ごみ,竹馬（竹・木製、７０㎝超）,,た
不燃ごみ,竹ぼうき（７０㎝超）,,た
不燃ごみ,たらい(金属製）,,た
不燃ごみ,たる（７０㎝超）,,た
不燃ごみ,たわし(金属製）,,た
不燃ごみ,ダンベル（金属製）,,た
不燃ごみ,チェーン（金属製）,,ち
不燃ごみ,地球儀,,ち
不燃ごみ,地上デジタルチューナー,,ち
不燃ごみ,チャイルドシート,,ち
不燃ごみ,茶碗,,ち
不燃ごみ,チューナー,,ち
不燃ごみ,調理台（７０㎝以下）,増改築に伴うものは請け負った業者に処分してもらう,ち
不燃ごみ,ちりとり（金属製）,,ち
不燃ごみ,ついたて（金属製）,,つ
不燃ごみ,使い捨てカイロ,,つ
不燃ごみ,机（金属製）,,つ
不燃ごみ,漬けもの石（市販のもの）,,つ
不燃ごみ,漬けもの桶,７０㎝以下なら燃やすごみ,つ
不燃ごみ,つぼ,,つ
不燃ごみ,釣りざお,,つ
不燃ごみ,つるはし,,つ
不燃ごみ,DVDプレーヤー,,て
不燃ごみ,ディスプレイ（パソコン以外）,,て
不燃ごみ,テーブル（金属製）,,て
不燃ごみ,テープレコーダー,,て
不燃ごみ,手押し車,「不用品」と必ず表示,て
不燃ごみ,手鏡,,て
不燃ごみ,手提げ金庫,,て
不燃ごみ,デジタルカメラ,電池はとる,て
不燃ごみ,デジタル血圧計,電池はとる,て
不燃ごみ,鉄アレイ,,て
不燃ごみ,鉄板（バーベキュー用）,,て
不燃ごみ,鉄棒（子ども用遊具）,,て
不燃ごみ,テニスラケット,,て
不燃ごみ,テレビゲーム,,て
不燃ごみ,テレビ台（金属製）,,て
不燃ごみ,電気アンカ,,て
不燃ごみ,電気カーペット（７０㎝以下）,広げたときに７０㎝を超えているものは、有料粗大ごみ,て
不燃ごみ,電気かみそり,,て
不燃ごみ,電気コード,,て
不燃ごみ,電気こたつ（７０㎝以下）,,て
不燃ごみ,電気炊飯器（内釜含む）,,て
不燃ごみ,電気スタンド（「金属以外、７０㎝超」以外）,,て
不燃ごみ,電気ストーブ,,て
不燃ごみ,電気のこぎり,,て
不燃ごみ,電気ポット,,て
不燃ごみ,電気毛布（７０㎝以下）,広げたときに７０㎝を超えているものは、有料粗大ごみ,て
不燃ごみ,電球,,て
不燃ごみ,電気ランタン,電池は取る,て
不燃ごみ,電子辞書,,て
不燃ごみ,電磁調理器,,て
不燃ごみ,電子手帳,,て
不燃ごみ,電子レンジ,,て
不燃ごみ,天体望遠鏡,,て
不燃ごみ,電卓,,て
不燃ごみ,テント（レジャー用）,,て
不燃ごみ,点灯管,,て
不燃ごみ,電動かんな,,て
不燃ごみ,電動自転車,「不用品」と必ず表示・バッテリーは、リサイクル協力店へ　,て
不燃ごみ,電動ドリル,,て
不燃ごみ,電動のこぎり,,て
不燃ごみ,テントの支柱（レジャー用、金属製）,,て
不燃ごみ,電話機,,て
不燃ごみ,電話台,,て
不燃ごみ,ドア（金属以外）,増改築に伴うものは請け負った業者に処分してもらう,と
不燃ごみ,ドア（金属製）,増改築に伴うものは請け負った業者に処分してもらう,と
不燃ごみ,砥石,,と
不燃ごみ,陶器製食器（湯飲み・茶碗・皿など）,,と
不燃ごみ,灯油缶（プラスチック製）,中身が残っているものは市で収集しませんので専門業者に処分を依頼してください,と
不燃ごみ,灯油缶（金属製）,中身が残っているものは市で収集しませんので専門業者に処分を依頼してください,と
不燃ごみ,トースター,,と
不燃ごみ,時計（壁掛け・目覚まし・腕）,,と
不燃ごみ,戸棚（金属製）,,と
不燃ごみ,トタン板,,と
不燃ごみ,ドライバー,全体の８０％以上金属のものは、埋立ごみの日の金属へ,と
不燃ごみ,ドラム缶（あき缶）,,と
不燃ごみ,トランク（金属製）,,と
不燃ごみ,トランシーバー,,と
不燃ごみ,トランポリン（子ども用遊具）,,と
不燃ごみ,鳥かご（金属製）,,と
不燃ごみ,塗料容器（金属製）,中身が残っているものは市で収集しませんので専門業者に処分を依頼してください,と
不燃ごみ,トレーニング機器（金属以外・７０㎝以下）,プラスチック製、ゴム製のものは燃やすごみ、電動のものは埋立ごみの日の金属へ,と
不燃ごみ,トレーニング機器（金属製）,,と
不燃ごみ,ドレッサー（７０㎝以下）,,と
不燃ごみ,トロフィー,プラスチック製のものは、燃やすごみ,と
不燃ごみ,ナイフ,刃を紙で包み「危険」と表示して、他のごみと分ける,な
不燃ごみ,流し台（７０㎝以下）,,な
不燃ごみ,ながもち（７０㎝以下）,,な
不燃ごみ,ナタ（鉈）,刃を紙で包み「危険」と表示して他のごみと分ける,な
不燃ごみ,ナツメ球,,な
不燃ごみ,鍋（金属製）,,な
不燃ごみ,鍋（耐熱ガラス製）,,な
不燃ごみ,生ごみ処理機(家庭用・電気式）,,な
不燃ごみ,なまり（釣り用おもり）,,な
不燃ごみ,波板（金属製）,,な
不燃ごみ,荷造り用ひもバンド（７０㎝超）,７０㎝以下に裁断すれば、燃やすごみ,に
不燃ごみ,日本人形ケース,,に
不燃ごみ,庭池,,に
不燃ごみ,人形（ぬいぐるみ、７０㎝超）,,に
不燃ごみ,人形ケース,,に
不燃ごみ,ぬいぐるみ（７０㎝超）,,ぬ
不燃ごみ,猫砂（粘土製）,,ね
不燃ごみ,寝袋（７０㎝超）,,ね
不燃ごみ,ねんど（学用品）,,ね
不燃ごみ,農薬のびん（家庭菜園用）,中身が残っているものは市で収集できないので専門業者に処分を依頼,の
不燃ごみ,のこぎり,,の
不燃ごみ,ノブ（ドア）,,の
不燃ごみ,のみ（鑿）,,の
不燃ごみ,海苔の缶（２５㎝以上）,,の
不燃ごみ,ハードディスクドライブ（ＨＤＤ）,,は
不燃ごみ,バーベキューコンロ,,は
不燃ごみ,バーベル,,は
不燃ごみ,ハーモニカ,,は
不燃ごみ,灰皿（ガラス製・陶器製）,,は
不燃ごみ,パイプいす（金属製）,,は
不燃ごみ,はかり（料理用）,,は
不燃ごみ,剥製（はくせい）,,は
不燃ごみ,白熱球,,は
不燃ごみ,バケツ（金属製）,,は
不燃ごみ,はさみ（金属以外）,,は
不燃ごみ,はさみ（金属製）,,は
不燃ごみ,はしご（金属製）,,は
不燃ごみ,柱時計,,は
不燃ごみ,バスケットゴール（金属製）,,は
不燃ごみ,パソコン机（金属製）,,は
不燃ごみ,パソコン用キーボード,,は
不燃ごみ,パソコン用プリンター,,は
不燃ごみ,パソコン用ラック（金属製）,,は
不燃ごみ,パチンコ・スロット台（個人用）,,は
不燃ごみ,バット（木製、７０㎝超）,,は
不燃ごみ,バット（金属製）,,は
不燃ごみ,花台（金属以外、７０㎝超）,,は
不燃ごみ,花台（金属製）,,は
不燃ごみ,パネルヒーター,,は
不燃ごみ,歯ブラシ（電動）,電池はとる,は
不燃ごみ,針,紙で包み「危険」と表示,は
不燃ごみ,針金,,は
不燃ごみ,ハロゲンストーブ,,は
不燃ごみ,ハンガー（金属製）,,は
不燃ごみ,ハンガースタンド（金属製）,,は
不燃ごみ,飯ごう,,は
不燃ごみ,パンツプレス（７０㎝以下）,,は
不燃ごみ,ハンドヘルドゲーム,,は
不燃ごみ,ハンマー（金属製）,,は
不燃ごみ,ハンマー（木製、７０㎝超）,,は
不燃ごみ,ＰＰバンド（７０㎝超）,７０㎝以下に裁断すれば、燃やすごみ,ひ
不燃ごみ,ビーチパラソル,,ひ
不燃ごみ,ビー玉,,ひ
不燃ごみ,ひげそり（手動式）,刃を紙で包み「危険」と表示して他のごみと分ける,ひ
不燃ごみ,ひげそり（電気式）,電池はとる,ひ
不燃ごみ,ＶＩＣＳ（ビックス）ユニット,,ひ
不燃ごみ,ビデオカメラ,電池はとる,ひ
不燃ごみ,ビデオデッキ,,ひ
不燃ごみ,ビニールシート（家庭菜園用）,,ひ
不燃ごみ,ビニールホース,,ひ
不燃ごみ,ビニールロッカー（７０㎝以下）,,ひ
不燃ごみ,火鉢,,ひ
不燃ごみ,百円ライター,ガスを使い切って,ひ
不燃ごみ,ファクシミリ,,ふ
不燃ごみ,ファンシーケース（金属製）,,ふ
不燃ごみ,ファンヒーター,油を抜いて電池を取る,ふ
不燃ごみ,フォーク（金属製）,刃を紙で包み「危険」と表示して、他のごみと分ける,ふ
不燃ごみ,フォトプリンター,,ふ
不燃ごみ,仏壇（７０㎝以下）,,ふ
不燃ごみ,筆箱（金属製）,,ふ
不燃ごみ,ふとん乾燥機,,ふ
不燃ごみ,ふとんたたき（金属製）,,ふ
不燃ごみ,フライパン,,ふ
不燃ごみ,ブラインド（金属以外）,１辺７０㎝以下に裁断すれば、燃やすごみ,ふ
不燃ごみ,ブラインド（金属製）,,ふ
不燃ごみ,プラグ・ジャック,,ふ
不燃ごみ,ぶらさがり健康器,全体の８０％以上金属のものは、埋立ごみの日の金属へ,ふ
不燃ごみ,フラワースタンド（金属製）,,ふ
不燃ごみ,ブランコ（金属製）,,ふ
不燃ごみ,プリンター,,ふ
不燃ごみ,ブルーレイディスクレコーダー/プレーヤー,,ふ
不燃ごみ,プレーヤー,,ふ
不燃ごみ,フロアスタンド（「金属以外、７０㎝超」以外）,,ふ
不燃ごみ,風呂がま,増改築に伴うものは請け負った業者に処分してもらう,ふ
不燃ごみ,プロジェクター,,ふ
不燃ごみ,風呂のふた,７０㎝以下に切れば燃やすごみ,ふ
不燃ごみ,噴霧器（園芸用）,,ふ
不燃ごみ,文鎮（金属以外）,,ふ
不燃ごみ,文鎮（金属製）,,ふ
不燃ごみ,ヘアードライヤー,,へ
不燃ごみ,ヘアーブラシ（金属製）,,へ
不燃ごみ,ベッド（金属製）,,へ
不燃ごみ,ペット小屋（金属製）,,へ
不燃ごみ,ヘッドホン,,へ
不燃ごみ,ベビーカー（７０㎝以下）,,へ
不燃ごみ,ベビーシート,,へ
不燃ごみ,ベビーチェアー,,へ
不燃ごみ,ベビーベッド（金属製）,,へ
不燃ごみ,ベビーラック,,へ
不燃ごみ,ベランダ収納庫（金属製）,,へ
不燃ごみ,ヘルスメーター,,へ
不燃ごみ,ベンチ（金属製）,,へ
不燃ごみ,ベンチプレスマシン（金属以外、７０㎝以下）,,へ
不燃ごみ,ベンチプレスマシン（金属製）,,へ
不燃ごみ,ホイール（自動車用・アルミ・スチール製）,,ほ
不燃ごみ,ボイラー,増改築に伴うものは請け負った業者に処分してもらう,ほ
不燃ごみ,望遠鏡,,ほ
不燃ごみ,ほうき（７０㎝超）,,ほ
不燃ごみ,包丁（金属製）,刃を紙で包み「危険」と表示して、他のごみと分ける　,ほ
不燃ごみ,包丁（セラミック製）,刃を紙で包み「危険」と表示して、他のごみと分ける　,ほ
不燃ごみ,ボウリングのボール,,ほ
不燃ごみ,ボウル（金属製）,,ほ
不燃ごみ,ボウル（耐熱ガラス製）,,ほ
不燃ごみ,ホース,,ほ
不燃ごみ,ホースリール（金属製）,,ほ
不燃ごみ,ポータブルコピー機,,ほ
不燃ごみ,ホームベーカリー,,ほ
不燃ごみ,ホームラック（金属製）,,ほ
不燃ごみ,ホーロー鍋,,ほ
不燃ごみ,木刀（７０㎝超）,,ほ
不燃ごみ,歩行器（ベビー用）,,ほ
不燃ごみ,ポット,,ほ
不燃ごみ,ホットカーペット（７０㎝以下）,広げたときに７０㎝を超えているものは、有料粗大ごみ,ほ
不燃ごみ,ホットプレート,,ほ
不燃ごみ,ホッピング,全体の８０％以上金属のものは、埋立ごみの日の金属へ,ほ
不燃ごみ,ほ乳びん,,ほ
不燃ごみ,ポリタンク,中身を抜く,ほ
不燃ごみ,ポリバケツ（７０㎝超）,,ほ
不燃ごみ,ホワイトボード,,ほ
不燃ごみ,本棚（金属製）,,ほ
不燃ごみ,マイク,,ま
不燃ごみ,マガジンラック（金属製）,,ま
不燃ごみ,枕（７０㎝超）,,ま
不燃ごみ,マッサージ機（いす型、７０㎝以下）,,ま
不燃ごみ,マッサージ機（いす型以外）,,ま
不燃ごみ,窓用換気扇（７０㎝以下）,,ま
不燃ごみ,マルチシート（家庭菜園用・７０㎝超）,７０㎝以下に裁断すれば、燃やすごみ,ま
不燃ごみ,マレットゴルフスティック,,ま
不燃ごみ,ミキサー,,み
不燃ごみ,ミシン（「金属以外、７０㎝超」以外）,,み
不燃ごみ,ミシン（卓上型）,,み
不燃ごみ,ミニコンポ,,み
不燃ごみ,虫めがね,レンズがプラスチック製のものは、燃やすごみ,む
不燃ごみ,むしろ（７０㎝超）,広げたときに７０㎝を超えているものは、埋立ごみ,む
不燃ごみ,めがね,,め
不燃ごみ,めがねケース（金属製）,,め
不燃ごみ,メモリー類（ＳＤカード、ＵＳＢメモリなど）,,め
不燃ごみ,面（野球・剣道用）,,め
不燃ごみ,餅つき機,,も
不燃ごみ,モップ,,も
不燃ごみ,モデム,,も
不燃ごみ,物置（小型）,,も
不燃ごみ,物干し（室内用）,,も
不燃ごみ,物干しざお（金属製）,,も
不燃ごみ,物干し台（金属以外、７０㎝以下）,,も
不燃ごみ,物干し台（金属製）,,も
不燃ごみ,やかん（金属製）,,や
不燃ごみ,薬品のびん,,や
不燃ごみ,薬品容器（ガラス製）,,や
不燃ごみ,薬品容器（金属製）,,や
不燃ごみ,床暖房パネル,,ゆ
不燃ごみ,湯たんぽ（金属製）,,ゆ
不燃ごみ,湯飲み茶碗,,ゆ
不燃ごみ,湯沸かし器,電池はとる,ゆ
不燃ごみ,浴槽（金属以外、７０㎝以下）,,よ
不燃ごみ,浴槽（金属製）,,よ
不燃ごみ,よしず（７０㎝超）,,よ
不燃ごみ,ライター,ガスを使い切って、専用のカゴに入れてください,ら
不燃ごみ,ライティングデスク（金属製）,,ら
不燃ごみ,ラケット,,ら
不燃ごみ,ラジオ,,ら
不燃ごみ,ラジカセ,,ら
不燃ごみ,ラジコンカー,電池はとる,ら
不燃ごみ,ランタン,油は抜く。電気ランタンは、埋立ごみの日の金属へ　,ら
不燃ごみ,ランチジャー,,ら
不燃ごみ,ランニングマシン（「金属以外、７０㎝超」以外）,,ら
不燃ごみ,リール（釣り用）,,り
不燃ごみ,リビングライト（「金属以外、７０㎝超」以外）,,り
不燃ごみ,離乳食のびん,,り
不燃ごみ,リモコン（電化製品用）,電池はとる,り
不燃ごみ,料理用はかり,,り
不燃ごみ,旅行かばん（金属製）,,り
不燃ごみ,ルーフボックス（車両用、７０㎝以下）,,る
不燃ごみ,ルームランナー（「金属以外、７０㎝超」以外）,,る
不燃ごみ,冷風機,,れ
不燃ごみ,冷風扇,,れ
不燃ごみ,レーザーディスクプレイヤー,,れ
不燃ごみ,レジャーテーブル（金属製）,,れ
不燃ごみ,レンジ台（金属以外、７０㎝超）,,れ
不燃ごみ,レンジ台（金属製）,,れ
不燃ごみ,レンジフードファン,,れ
不燃ごみ,ロープ（金属以外・７０㎝超）,１辺７０㎝以下に裁断すれば、燃やすごみ,ろ
不燃ごみ,ローラースケート,,ろ
不燃ごみ,ローラーブレード,,ろ
不燃ごみ,ロッカー（金属製）,,ろ
不燃ごみ,ロッキングチェア（金属製）,,ろ
不燃ごみ,ワープロ,「ワープロ」と表示,わ
不燃ごみ,ワイヤーロープ,,わ
不燃ごみ,ワゴン（金属以外、７０㎝以下）,,わ
不燃ごみ,ワゴン（金属製）,,わ
不燃ごみ,割れたガラス,紙で包み「危険」と表示,わ
不燃ごみ,割れたコップ,紙で包み「危険」と表示,わ
資源,アイスクリームのカップ容器(プラスチック）,紙製のものは燃やすごみ,あ
資源,アルミ缶,ひと洗いする・つぶさない・たばこの吸いがらなどを入れない,あ
資源,いちごケース,,い
資源,インスタント食品のプラスチック容器,,い
資源,インスタントラーメンの袋,,い
資源,植木鉢（苗木ポット）,,う
資源,ウオッシャー液のプラスチックボトル,キャップを外す・中身を使いきってひと洗い,う
資源,液体ワックスのプラスチックボトル,キャップを外す・中身を使いきってひと洗い,え
資源,枝豆のネット,,え
資源,王冠（金属製）,,お
資源,王冠（プラスチック製）,,お
資源,お菓子の缶（２５㎝未満）,,お
資源,温度計（水銀を含む）,,お
資源,菓子の袋,裏が銀色でも対象,か
資源,菓子のプラスチック容器,,か
資源,カセットボンベ,使い切ってから火気のない屋外で穴をあける,か
資源,カップ麺の包装フィルム,,か
資源,カップ麺の容器（プラスチック製）,,か
資源,カレーのプラスチック容器,,か
資源,缶（飲料缶・缶詰）,,か
資源,缶（菓子缶・ミルク缶など、２５㎝未満）,,か
資源,缶（酒缶・燗のできるもの）,,か
資源,缶（スプレー缶）,使い切ってから火気のない屋外で穴をあける,か
資源,乾電池,,か
資源,キャップ（金属製）,,き
資源,キャラメルの包装フィルム,,き
資源,薬のシート,,く
資源,口紅の容器（プラスチック製）,,く
資源,蛍光灯(管）,,け
資源,化粧品のプラスチックボトル,キャップを外す,け
資源,化粧容器（プラスチック製）,,け
資源,紅茶のプラスチック容器,,こ
資源,米袋,紙製のものはダンボールと同じ扱い,こ
資源,魚のトレイ,スーパーの店頭回収をご利用ください,さ
資源,魚の包装フィルム,,さ
資源,湿布剤のフィルム,,し
資源,シャンプーのプラスチックボトル,キャップを外す,し
資源,充電式電池,電池リサイクル協力店でも回収しています,し
資源,食品のトレイ,スーパーの店頭回収をご利用ください,し
資源,食用油のプラスチックボトル,キャップを外す　　,し
資源,除湿機,「除湿機」と必ず表示,し
資源,スーパーの袋（レジ袋）,,す
資源,スチール缶,ひと洗いする・つぶさない・たばこの吸いがらなどを入れない,す
資源,スプレー缶,使い切ってから火気のない屋外で穴をあける,す
資源,洗剤のキャップ（プラスチック製）,,せ
資源,惣菜のトレイ,スーパーの店頭回収をご利用ください,そ
資源,惣菜のプラスチック容器,,そ
資源,ソースのプラスチックボトル,キャップを外す,そ
資源,体温計（水銀含む）,,た
資源,卓上ボンベ(カセットコンロ用）,使い切ってから火気のない屋外で穴をあける,た
資源,たばこの包装フィルム,,た
資源,卵パック(プラスチック製）,,た
資源,たまねぎのネット,,た
資源,チューブのキャップ（プラスチック製）,,ち
資源,トイレットペーパーの袋,,と
資源,豆腐のプラスチック容器,,と
資源,トレイ（食品用）,スーパーの店頭回収をご利用ください,と
資源,トロ箱,,と
資源,苗木ポット,,な
資源,納豆の包装フィルム,,な
資源,肉のトレイ,スーパーの店頭回収をご利用ください,に
資源,肉の包装フィルム,,に
資源,乳酸飲料のカップ容器,,に
資源,入浴剤のフタ（プラスチック製）,,に
資源,ノートの包装フィルム,,の
資源,海苔の缶（２５㎝未満）,,の
資源,海苔のプラスチック容器,,の
資源,バッテリー（携帯電話、電気製品）,なるべく、販売店に引き取りを依頼してください,は
資源,発泡スチロールの緩衝材,,は
資源,発泡スチロールの箱,,は
資源,発泡スチロールの容器,,は
資源,発泡トレイ,スーパーの店頭回収をご利用ください,は
資源,漂白剤のプラスチックボトル,キャップを外す,ひ
容器包装プラスチック,プラスチック容器,,ふ
容器包装プラスチック,プラスチック製容器・包装,,ふ
ペットボトル,ペットボトル,キャップを外す,へ
ペットボトル,ペットボトルのキャップ（金属製）,,へ
ペットボトル,ペットボトルのキャップ（プラスチック製）,,へ
ペットボトル,ペットボトルのラベル,,へ
容器包装プラスチック,包装用フィルム,,ほ
資源,ボタン電池,電池リサイクル協力店でも回収しています,ほ
資源,マーガリンのプラスチック容器,,ま
資源,味噌のプラスチック容器,,み
資源,薬品のプラスチックボトル,キャップを外す,や
資源,薬品容器（プラスチック製）,,や
資源,野菜のトレイ,スーパーの店頭回収をご利用ください,や
資源,野菜の包装フィルム,,や
資源,ヨーグルトのカップ容器,,よ
資源,ヨーグルトの包装フィルム,,よ
資源,リンスのプラスチックボトル,キャップを外す,り
資源,冷水器,なるべく、販売店に引き取りを依頼してください。資源の日に出す場合はフロン回収製品・冷水器と表示,れ
資源,レジ袋,,れ
燃やすごみ,アイスノン,,あ
燃やすごみ,アイスボックス（７０㎝以下）,,あ
燃やすごみ,アイロン台（７０㎝以下）,,あ
燃やすごみ,足こぎ四輪車（幼児用）（「金属製または電動製」以外）,,あ
燃やすごみ,足ふきマット（繊維製・ゴム製、７０㎝以下）,広げたときに７０㎝を超えているものは、有料粗大ごみ,あ
燃やすごみ,アルバム,金具類はなるべく外してあき缶以外の金属に出す,あ
燃やすごみ,アルミ箔,,あ
燃やすごみ,アルミ箔の芯（紙製等）,,あ
燃やすごみ,安全ピン（金属以外）,,あ
燃やすごみ,衣装掛け（金属以外、７０㎝以下）,,い
燃やすごみ,衣装ケース（金属以外、７０㎝以下）,,い
燃やすごみ,いす（金属以外、７０㎝以下）,,い
燃やすごみ,板きれ（７０㎝まで）*太さ１０ｃｍ程度まで,ひもでしばって束ねて１回３束程度を目安に・多い場合は有料戸別収集で,い
燃やすごみ,衣類,,い
燃やすごみ,インクカートリッジ,なるべく販売店にひき取ってもらってください,い
燃やすごみ,インクリボン,なるべく販売店にひき取ってもらってください,い
燃やすごみ,植木台（金属以外・７０㎝以下）,,う
燃やすごみ,植木鉢（プラスチック製）,,う
燃やすごみ,浮き輪（７０㎝以下）,空気を抜いて,う
燃やすごみ,ウッドカーペット（７０㎝以下）,広げたときに７０㎝を超えているものは、有料粗大ごみ,う
燃やすごみ,枝きれ（太さ10㎝程度、長さ７０㎝まで）,ひもでしばって束ねて１回３束程度を目安に・多い場合は有料戸別収集で,え
燃やすごみ,縁台（金属以外・７０㎝以下）,,え
燃やすごみ,鉛筆削り（電動製以外）,,え
燃やすごみ,桶（金属以外・７０㎝以下）,,お
燃やすごみ,押し入れだんす（７０㎝以下）,,お
燃やすごみ,落ち葉,１回３袋程度を目安に・多い場合は有料戸別収集で,お
燃やすごみ,おまる(幼児用）,汚物はトイレに捨てる,お
燃やすごみ,おむつ,汚物はトイレに捨てる,お
燃やすごみ,おもちゃ（「金属製または電動製」以外のもの）,,お
燃やすごみ,折りたたみいす（金属以外、７０㎝以下）,,お
燃やすごみ,折りたたみテーブル（金属以外、７０㎝以下）,ガラス製のものは、埋立ごみ,お
燃やすごみ,カーテン（７０㎝以下）,広げたときに７０㎝を超えているものは、埋立ごみ,か
燃やすごみ,カーテンレール（金属以外、７０㎝以下）,,か
燃やすごみ,カーペット（７０㎝以下）,広げたときに７０㎝を超えているものは、有料粗大ごみ,か
燃やすごみ,カーボン紙,,か
燃やすごみ,貝殻（食べ残し）,,か
燃やすごみ,回転ハンガー（金属以外、７０㎝以下）,,か
燃やすごみ,学習机（金属以外、７０㎝以下）,,か
燃やすごみ,傘立て(プラスチック製）,,か
燃やすごみ,傘の布・ビニール,,か
燃やすごみ,菓子箱,できるだけ、各校下・地区の集団回収をご利用ください,か
燃やすごみ,カセットテープ,,か
燃やすごみ,カセットテープのケース,,か
燃やすごみ,カップ麺の容器（紙製）,,か
燃やすごみ,かつら,,か
燃やすごみ,かばん（アタッシュケース）（金属以外）,,か
燃やすごみ,かばん（革製）,,か
燃やすごみ,かばん（ナイロン製・ビニル製）,塩化ビニル製のものは埋立ごみへ,か
燃やすごみ,かばん（ランドセル）,,か
燃やすごみ,紙おむつ,汚物はトイレに捨てる,か
燃やすごみ,紙くず,,か
燃やすごみ,神棚（７０㎝以下）,,か
燃やすごみ,紙パック（裏がアルミ処理してあるもの）,,か
燃やすごみ,紙パック（裏がアルミ処理してないもの）,各校下・地区の集団回収をご利用ください（水で洗って切り開き乾かす）,か
燃やすごみ,カメラケース,,か
燃やすごみ,カラーボックス（７０㎝以下）,,か
燃やすごみ,革靴,,か
燃やすごみ,皮むき器（プラスチック製）,,か
燃やすごみ,簡易トイレ,汚物はトイレに捨てる,か
燃やすごみ,換気扇カバー,,か
燃やすごみ,乾燥剤,,か
燃やすごみ,感熱紙,,か
燃やすごみ,ギター（７０㎝以下）,,き
燃やすごみ,ギターケース（７０㎝以下）,,き
燃やすごみ,キッチンマット（繊維製・ゴム製、７０㎝以下）,広げたときに７０㎝を超えているものは、有料粗大ごみ,き
燃やすごみ,牛乳パック,各校下・地区の集団回収をご利用ください（水で洗って切り開き乾かす）,き
燃やすごみ,空気入れ（金属以外）,,く
燃やすごみ,クーラーボックス（７０㎝以下）,,く
燃やすごみ,草ごみ,どろをはらって乾燥させる,く
燃やすごみ,鎖（金属以外）,,く
燃やすごみ,串(木製）,先を折って危なくないように,く
燃やすごみ,くつ（ズック、革靴、革ブーツ、サンダル）,,く
燃やすごみ,くつのスパイク（金属以外）,,く
燃やすごみ,くつ下,,く
燃やすごみ,クッション（７０㎝以下）,,く
燃やすごみ,グラタン皿（アルミ製）,,く
燃やすごみ,車(幼児用）（「金属製または電動製」以外・７０㎝以下),,く
燃やすごみ,グローブ（野球用など）,,く
燃やすごみ,ゲームソフト,カセットタイプのものは、埋立ごみの日の金属,け
燃やすごみ,げた箱（金属以外、７０㎝以下）,増改築に伴うものは請け負った業者に処分してもらう,け
燃やすごみ,ケチャップのチューブ,キャップは資源（容プラ）,け
燃やすごみ,玄関マット（繊維製・ゴム製、７０㎝以下）,広げたときに７０㎝を超えているものは、有料粗大ごみ,け
燃やすごみ,剣道用具（こて）,,け
燃やすごみ,剣道用具（竹刀、７０㎝以下）,,け
燃やすごみ,剣道用具（胴）,,け
燃やすごみ,工作用のりのチューブ,キャップを外す,こ
燃やすごみ,ゴーグル,,こ
燃やすごみ,コートハンガー（金属以外、７０㎝以下）,,こ
燃やすごみ,氷枕（ゴム製）,,こ
燃やすごみ,ござ（７０㎝以下）,広げたときに７０㎝を超えているものは、有料粗大ごみ,こ
燃やすごみ,コップ（プラスチック製）,,こ
燃やすごみ,碁盤（厚さ１０㎝未満）,,こ
燃やすごみ,ごみ箱(金属以外）,,こ
燃やすごみ,ゴム手袋,,こ
燃やすごみ,ゴム長靴,,こ
燃やすごみ,ゴムホース（７０㎝以下）,伸ばしたときに７０㎝を超えているものは、埋立ごみ,こ
燃やすごみ,米びつ（金属以外、７０㎝以下）,,こ
燃やすごみ,コルクボード（７０㎝以下）,,こ
燃やすごみ,ゴルフシューズ,,こ
燃やすごみ,コンポスト容器（７０㎝以下）,,こ
燃やすごみ,サーフボード（７０㎝以下）,,さ
燃やすごみ,裁縫箱（金属以外）,,さ
燃やすごみ,サインペン,,さ
燃やすごみ,さしこ（竹製鳥かご、７０㎝以下）,,さ
燃やすごみ,座卓（７０㎝以下）,,さ
燃やすごみ,雑誌,各校下・地区の集団回収をご利用ください,さ
燃やすごみ,座ぶとん（７０㎝以下）,,さ
燃やすごみ,ザル（プラスチック製）,,さ
燃やすごみ,三角コーナー（金属以外）,,さ
燃やすごみ,サンダル,,さ
燃やすごみ,ＣＤ,,し
燃やすごみ,ＣＤのケース,,し
燃やすごみ,シーツ（７０㎝以下）,,し
燃やすごみ,地下足袋,,し
燃やすごみ,下敷き,,し
燃やすごみ,漆器製食器（お椀など）,,し
燃やすごみ,湿布剤,,し
燃やすごみ,自動車カバー（７０㎝以下）,,し
燃やすごみ,竹刀（７０㎝以下）,,し
燃やすごみ,写真,,し
燃やすごみ,しゃもじ（木製）,,し
燃やすごみ,しゃもじ（プラスチック製）,,し
燃やすごみ,車両用ルーフボックス（７０㎝以下）,,し
燃やすごみ,シューズ,,し
燃やすごみ,シューズボックス（金属以外、７０㎝以下）,増改築に伴うものは請け負った業者に処分してもらう,し
燃やすごみ,じゅうたん（７０㎝以下）,広げたときに７０㎝を超えているものは、有料粗大ごみ,し
燃やすごみ,収納ケース・箱・ボックス（金属以外、７０㎝以下）,,し
燃やすごみ,収納棚（金属以外、７０㎝以下）,扉や戸がガラスのものは、埋立ごみへ,し
燃やすごみ,定規,,し
燃やすごみ,将棋駒,,し
燃やすごみ,将棋盤（厚さ１0㎝未満）,,し
燃やすごみ,障子（金属以外、７０㎝以下）,増改築に伴うものは請け負った業者に処分してもらう,し
燃やすごみ,照明器具のかさ（「金属製」以外）,,し
燃やすごみ,じょうろ(金属以外）,,し
燃やすごみ,除湿剤,,し
燃やすごみ,書棚（金属以外、７０㎝以下）,,し
燃やすごみ,食器（「金属製」以外）,,し
燃やすごみ,ショッピングかご(プラスチック製）,,し
燃やすごみ,人工肛門パック,汚物はトイレに捨てる,し
燃やすごみ,人工芝（７０㎝以下）,,し
燃やすごみ,新聞,各校下・地区の集団回収をご利用ください,し
燃やすごみ,吸い殻（たばこ）,火を完全に消してから,す
燃やすごみ,水筒（金属以外）,,す
燃やすごみ,スーツケース（金属以外、７０㎝以下）,,す
燃やすごみ,スキーウェア,,す
燃やすごみ,スコップ（金属以外）,７０㎝超のものは埋立ごみ,す
燃やすごみ,すだれ（竹製・プラスチック製・７０㎝以下）,,す
燃やすごみ,ズック,,す
燃やすごみ,砂（ペット用）,袋に可燃と記載されているものにかぎる、それ以外は埋立ごみ,す
燃やすごみ,スノーダンプ（金属以外・７０㎝以下）,,す
燃やすごみ,すのこ（７０㎝以下）,,す
燃やすごみ,スプーン（プラスチック製）,,す
燃やすごみ,すべり台（７０㎝以下）,,す
燃やすごみ,スポンジ,,す
燃やすごみ,スリッパ,,す
燃やすごみ,スリッパ立て（金属以外・７０㎝以下）,,す
燃やすごみ,生理用品,,せ
燃やすごみ,石油ポンプ（手動式）,,せ
燃やすごみ,洗車ブラシ,,せ
燃やすごみ,洗濯ばさみ（金属以外）,,せ
燃やすごみ,洗濯用ハンガー（金属以外）,,せ
燃やすごみ,洗面器（プラスチック製）,,せ
燃やすごみ,ソファー（７０㎝以下・スプリングなし）,,そ
燃やすごみ,ソファーベッド（７０㎝以下・スプリングなし）,,そ
燃やすごみ,そり,,そ
燃やすごみ,そろばん,,そ
燃やすごみ,タイヤゴムチューブ(自転車用）,,た
燃やすごみ,タイヤチェーン（金属以外）,,た
燃やすごみ,タオル,,た
燃やすごみ,タオルケット（７０㎝以下）,広げたときに７０㎝を超えているものは、有料粗大ごみ,た
燃やすごみ,竹串,先を折って危なくないように,た
燃やすごみ,竹馬（竹・木製、７０㎝以下）,,た
燃やすごみ,竹ぼうき（７０㎝以下）,,た
燃やすごみ,畳（７０㎝以下）,増改築に伴うものは請け負った業者に処分してもらう,た
燃やすごみ,卓球台（７０㎝以下）,,た
燃やすごみ,脱酸素剤,,た
燃やすごみ,タッパ,,た
燃やすごみ,たばこの吸いがら,火を完全に消してから,た
燃やすごみ,卵パック(紙）,,た
燃やすごみ,たらい(金属以外）,,た
燃やすごみ,たる（７０ｎ㎝以下）,,た
燃やすごみ,たわし(金属以外）,,た
燃やすごみ,たんす（７０㎝以下）,,た
燃やすごみ,ダンベル（金属以外）,,た
燃やすごみ,ダンボール,各校下・地区の集団回収をご利用ください（ガムテープ、止め金具を取り除く）,た
燃やすごみ,チェーン（金属以外）,,ち
燃やすごみ,チェスト（７０㎝以下）,,ち
燃やすごみ,茶だんす（７０㎝以下）,,ち
燃やすごみ,チューブ（自転車用）,,ち
燃やすごみ,チョーク,,ち
燃やすごみ,チラシ,各校下・地区の集団回収をご利用ください,ち
燃やすごみ,ちりとり（金属以外）,,ち
燃やすごみ,ついたて（金属以外、７０㎝以下）,,つ
燃やすごみ,机（金属以外、７０㎝以下）,,つ
燃やすごみ,DVD（ソフト）,,て
燃やすごみ,ティッシュくず,,て
燃やすごみ,テーブル（金属以外、７０㎝以下）,,て
燃やすごみ,デスクマット（７０㎝以下）,広げたときに７０㎝を超えているものは、有料粗大ごみ,て
燃やすごみ,手袋（ゴム手袋含む）,,て
燃やすごみ,テレビ台（金属以外、７０㎝以下）,扉や戸がガラスのものは、埋立ごみへ,て
燃やすごみ,点滴用パック（在宅治療用）,,て
燃やすごみ,天ぷら油,紙や布にしみこませて,て
燃やすごみ,胴（剣道用具）,,と
燃やすごみ,戸棚（金属以外、７０㎝以下）,扉や戸がガラスのものは、埋立ごみへ,と
燃やすごみ,トランク（金属以外、７０㎝以下）,,と
燃やすごみ,鳥かご（金属以外),,と
燃やすごみ,塗料容器（プラスチック製）,中身が残っているものは市で収集しませんので専門業者に処分を依頼してください,と
燃やすごみ,鍋焼きうどんの容器（アルミ製）,,な
燃やすごみ,生ごみ,水切りを十分にして,な
燃やすごみ,波板（金属以外、７０㎝以下）,広げたときに７０㎝を超えているものは、有料粗大ごみ,な
燃やすごみ,荷造り用ひもバンド（７０㎝以下）,,に
燃やすごみ,人形（ぬいぐるみ、７０㎝以下）,,に
燃やすごみ,人形（プラスチック製）,,に
燃やすごみ,ぬいぐるみ（７０㎝まで）,,ぬ
燃やすごみ,布くず,,ぬ
燃やすごみ,ネクタイ,,ね
燃やすごみ,猫砂（紙・木・プラスチック製）,,ね
燃やすごみ,寝袋（７０㎝以下）,,ね
燃やすごみ,練りわさびのチューブ,キャップは資源（容プラ）,ね
燃やすごみ,ノンカーボン紙,,の
燃やすごみ,パイプいす（金属以外、７０㎝以下）,,は
燃やすごみ,廃油処理箱,,は
燃やすごみ,バインダー,金具類はなるべく外して埋立ごみの日の金属に出す,は
燃やすごみ,はきもの,スキー靴は埋立ごみ,は
燃やすごみ,バケツ（プラスチック製）,,は
燃やすごみ,はしご（金属以外、７０㎝以下）,,は
燃やすごみ,バスケットゴール（金属以外、７０㎝以下）,,は
燃やすごみ,バスマット（７０㎝以下）,広げたときに７０㎝を超えているものは、有料粗大ごみ,は
燃やすごみ,パソコン机（金属以外、７０㎝以下）,,は
燃やすごみ,パソコン用ラック（金属以外、７０㎝以下）,,は
燃やすごみ,バット（木製、７０㎝以下）,,は
燃やすごみ,花台（金属以外、７０㎝以下）,,は
燃やすごみ,花火,水で湿らせる,は
燃やすごみ,歯ブラシ（プラスチック製）,,は
燃やすごみ,歯磨き粉のチューブ,キャップは資源（容プラ）,は
燃やすごみ,ハンガー（プラスチック製・木製）,,は
燃やすごみ,ハンガースタンド（金属以外、７０㎝以下）,,は
燃やすごみ,ハンカチ,,は
燃やすごみ,ハンドバッグ（革製）,,は
燃やすごみ,パンフレット,各校下・地区の集団回収をご利用ください,は
燃やすごみ,ハンマー（ゴム製）,,は
燃やすごみ,ハンマー（木製、７０㎝以下）,,は
燃やすごみ,ＰＰバンド（７０㎝以下）,,ひ
燃やすごみ,ピアニカ,,ひ
燃やすごみ,ビーズ,,ひ
燃やすごみ,ビデオテープ,,ひ
燃やすごみ,肥料袋,,ひ
燃やすごみ,屏風（７０㎝以下）,,ひ
燃やすごみ,ファンシーケース（金属以外、７０㎝以下）,,ふ
燃やすごみ,フィルムのネガ,,ふ
燃やすごみ,ブーツ（革製）,,ふ
燃やすごみ,封筒,各校下・地区の集団回収をご利用ください（窓付き封筒はセロファンを取り除く）,ふ
燃やすごみ,フォーク（プラスチック製）,,ふ
燃やすごみ,腹膜透析パック,汚物はトイレに捨てる,ふ
燃やすごみ,ふすま（７０㎝以下）,増改築に伴うものは請け負った業者に処分してもらう,ふ
燃やすごみ,筆箱（金属以外）,,ふ
燃やすごみ,ふとん（７０㎝以下）,広げたときに７０㎝を超えているものは、有料粗大ごみ,ふ
燃やすごみ,ふとん圧縮袋,,ふ
燃やすごみ,ふとんたたき（金属以外）,,ふ
燃やすごみ,フラワースタンド（金属以外）,,ふ
燃やすごみ,ブランコ（金属以外、７０㎝以下）,,ふ
燃やすごみ,プランター,７０㎝超のものは埋立ごみ,ふ
燃やすごみ,古着（綿製品）,各校下・地区の集団回収をご利用ください（洗って、たたんで束ねる）,ふ
燃やすごみ,風呂椅子,,ふ
燃やすごみ,フロッピーディスク,,ふ
燃やすごみ,風呂マット（７０㎝以下）,広げたときに７０㎝を超えているものは、有料粗大ごみ,ふ
燃やすごみ,ヘアーカーラー,,へ
燃やすごみ,ヘアーブラシ（金属以外）,,へ
燃やすごみ,ベッド（金属以外、７０㎝以下）,,へ
燃やすごみ,ペット小屋（金属以外、７０㎝以下）,,へ
燃やすごみ,ペットシーツ,汚物はトイレに捨てる,へ
燃やすごみ,ペットのフン,汚物はトイレに捨てる,へ
燃やすごみ,ベッドマット（７０㎝以下）,スプリングが入っているものは、埋立ごみ,へ
燃やすごみ,ベッドマットレス（７０㎝以下）,スプリングが入っているものは、埋立ごみ,へ
燃やすごみ,ベニヤ板（７０㎝以下）,,へ
燃やすごみ,ベビーバス（７０㎝以下）,,へ
燃やすごみ,ベビーベッド（金属以外、７０㎝以下）,,へ
燃やすごみ,ベビー用カタカタ,,へ
燃やすごみ,ベランダ収納庫（金属以外、７０㎝以下）,,へ
燃やすごみ,ベルト,金属部分は取り外し、埋立ごみの日の金属へ,へ
燃やすごみ,ヘルメット,,へ
燃やすごみ,便座,温水洗浄機付便座は埋立ごみの日の金属へ,へ
燃やすごみ,ベンチ（金属以外、７０㎝以下）,,へ
燃やすごみ,ほうき（７０㎝以下）,,ほ
燃やすごみ,ボウル（金属以外）,,ほ
燃やすごみ,ホースリール（金属以外）,,ほ
燃やすごみ,ポータブルトイレ,汚物はトイレに捨てる,ほ
燃やすごみ,ホームラック（金属以外、７０㎝以下）,扉や戸がガラスのものは、埋立ごみへ,ほ
燃やすごみ,ボール（ゴルフ・野球・サッカー・テニスなど）,,ほ
燃やすごみ,ボールペン,,ほ
燃やすごみ,木刀（７０㎝以下）,,ほ
燃やすごみ,ボディーボード（７０㎝以下）,,ほ
燃やすごみ,ポリバケツ（７０㎝以下）,,ほ
燃やすごみ,保冷剤,,ほ
燃やすごみ,本棚（金属以外、７０㎝以下）,扉や戸がガラスのものは、埋立ごみへ,ほ
燃やすごみ,マージャンパイ,,ま
燃やすごみ,マガジンラック（金属以外、７０㎝以下）,,ま
燃やすごみ,枕（７０㎝以下）,,ま
燃やすごみ,マット（繊維製・ゴム製、７０㎝以下）,広げたときに７０㎝を超えているものは、有料粗大ごみ,ま
燃やすごみ,マットレス（７０㎝以下）,スプリングが入っているものは、埋立ごみ,ま
燃やすごみ,まな板,,ま
燃やすごみ,マフラー,,ま
燃やすごみ,マヨネーズのチューブ,キャップは資源（容プラ）,ま
燃やすごみ,マルチシート（家庭菜園用・７０㎝以下）,,ま
燃やすごみ,密封容器,,み
燃やすごみ,虫かご,,む
燃やすごみ,むしろ（７０㎝以下）,広げたときに７０㎝を超えているものは、埋立ごみ,む
燃やすごみ,めがねケース（金属以外）,,め
燃やすごみ,毛布（７０㎝以下）,広げたときに７０㎝を超えているものは、有料粗大ごみ,も
燃やすごみ,物干しざお（金属以外、７０㎝以下）,,も
燃やすごみ,焼き鳥の串,先を折って危なくないように,や
燃やすごみ,湯たんぽ（金属以外）,,ゆ
燃やすごみ,ゆりかご,,ゆ
燃やすごみ,洋だんす（７０㎝以下）,,よ
燃やすごみ,よしず（７０㎝以下）,,よ
燃やすごみ,ライティングデスク（金属以外、７０㎝以下）,,ら
燃やすごみ,ラップの芯,,ら
燃やすごみ,ランドセル,,ら
燃やすごみ,リビングボード（７０㎝以下）,扉や戸がガラスのものは、埋立ごみへ,り
燃やすごみ,旅行かばん（金属以外、７０㎝以下）,,り
燃やすごみ,レーザーディスク（ソフト）,,れ
燃やすごみ,レコード,,れ
燃やすごみ,レジャーテーブル（金属以外、７０㎝以下）,,れ
燃やすごみ,レンジ台（金属以外、７０㎝以下）,,れ
燃やすごみ,ロープ（金属以外・７０㎝以下）,,ろ
燃やすごみ,ローボード（７０㎝以下）,扉や戸がガラスのものは、埋立ごみへ,ろ
燃やすごみ,ロッカー（金属以外、７０㎝以下）,,ろ
燃やすごみ,ロッキングチェア（金属以外、７０㎝以下）,,ろ
燃やすごみ,和だんす（７０㎝以下）,,わ
空き缶・あきびん,一升びん,酒屋さんなどへ返しましょう・キャップを外してひと洗い,い
空き缶・あきびん,ウィスキーのびん,キャップを外してひと洗い・割れたものも回収します,う
空き缶・あきびん,カップ酒のびん,キャップを外してひと洗い,か
空き缶・あきびん,サラダ油のびん,キャップを外してひと洗い,さ
空き缶・あきびん,ジュースのびん,キャップを外してひと洗い,し
空き缶・あきびん,ドリンク剤のびん,キャップを外してひと洗い,と
空き缶・あきびん,ハチミツのびん,キャップを外してひと洗い,は
空き缶・あきびん,ビールびん,酒屋さんなどへ返しましょう,ひ
